prestamo_id,cliente_id,monto,tasa_intereses,plazo_meses,producto,fecha_originacion
1,1,69879.25,16.09,6,Tarjeta de Crédito,2023-12-12
2,1,12013.36,13.71,48,Hipotecario,2026-07-11
3,1,62712.12,17.52,48,Hipotecario,2022-09-21
4,2,26370.28,11.3,6,Vehicular,2023-07-24
5,2,80261.7,9.75,12,Tarjeta de Crédito,2026-08-23
6,3,64821.6,17.2,48,Hipotecario,2023-06-20
7,3,5892.37,11.07,48,Vehicular,2025-10-23
8,4,21786.06,20.38,36,Vehicular,2023-02-27
9,4,16443.34,18.6,24,Personal,2025-11-01
10,4,77247.71,10.18,6,Personal,2025-11-12
11,5,92361.95,15.22,6,Personal,2024-09-10
12,5,7384.21,13.42,48,Hipotecario,2026-07-19
13,6,38814.22,15.91,24,Tarjeta de Crédito,2023-09-09
14,7,11514.43,14.54,24,Hipotecario,2025-08-13
15,7,82877.09,8.41,24,Personal,2025-03-24
16,8,57942.24,21.37,6,Personal,2025-08-26
17,9,51078.45,10.78,24,Vehicular,2023-07-12
18,9,81505.83,17.28,48,Hipotecario,2024-05-06
19,10,95287.72,23.36,24,Hipotecario,2026-07-20
20,10,86826.6,18.62,36,Vehicular,2023-09-04
21,11,74891.39,11.77,36,Vehicular,2025-01-02
22,12,89187.9,23.51,24,Hipotecario,2024-01-10
23,13,98039.04,10.07,12,Personal,2025-12-15
24,13,91678.88,20.86,48,Vehicular,2023-11-11
25,14,97784.01,14.16,48,Personal,2024-04-11
26,14,21300.6,14.72,36,Tarjeta de Crédito,2024-08-22
27,14,91690.2,15.67,24,Hipotecario,2024-12-04
28,15,11658.82,21.5,60,Personal,2025-06-01
29,16,35561.84,23.69,12,Personal,2024-03-09
30,16,74301.13,18.79,12,Personal,2023-12-21
31,17,47333.38,23.11,60,Personal,2023-10-09
32,18,57311.05,10.5,24,Personal,2024-03-09
33,18,96968.97,20.52,24,Personal,2024-11-02
34,19,22803.19,18.23,6,Personal,2026-05-31
35,20,27479.45,9.81,12,Personal,2024-10-09
36,21,11805.43,16.76,36,Vehicular,2024-08-21
37,21,34625.31,18.83,6,Hipotecario,2023-01-29
38,22,82742.24,8.97,6,Hipotecario,2026-01-27
39,22,78596.15,21.78,60,Personal,2025-09-24
40,22,94415.41,12.05,6,Tarjeta de Crédito,2024-08-27
41,23,58051.71,9.24,6,Tarjeta de Crédito,2025-11-24
42,23,68240.74,20.01,6,Hipotecario,2026-03-25
43,24,48568.42,12.2,36,Personal,2024-01-08
44,24,69004.42,8.7,24,Hipotecario,2026-07-19
45,24,48730.75,20.12,24,Tarjeta de Crédito,2023-07-10
46,25,82082.18,11.01,48,Tarjeta de Crédito,2024-03-26
47,26,47768.88,9.54,6,Vehicular,2023-12-28
48,26,85283.5,10.18,60,Vehicular,2024-06-02
49,26,12830.35,8.63,12,Vehicular,2022-11-08
50,27,40080.3,20.07,36,Tarjeta de Crédito,2025-01-18
51,28,9204.15,18.98,6,Personal,2026-05-02
52,28,47715.96,19.84,48,Tarjeta de Crédito,2023-08-07
53,29,98774.91,14.04,36,Tarjeta de Crédito,2025-10-23
54,30,97289.66,12.84,48,Hipotecario,2023-04-12
55,31,31218.03,18.92,12,Tarjeta de Crédito,2022-09-23
56,31,70590.57,12.88,36,Personal,2023-10-08
57,31,51942.13,22.34,60,Vehicular,2025-01-04
58,32,58960.33,22.28,6,Hipotecario,2026-08-20
59,33,53397.09,8.24,60,Personal,2025-02-21
60,33,27121.53,12.15,6,Personal,2025-02-13
61,34,35204.28,13.71,6,Hipotecario,2025-09-20
62,35,89298.59,12.1,12,Hipotecario,2024-06-07
63,35,6795.18,11.26,24,Vehicular,2023-11-30
64,36,33777.59,21.45,24,Vehicular,2023-04-22
65,36,7488.27,13.13,48,Personal,2023-06-29
66,36,98042.13,19.33,36,Hipotecario,2024-01-23
67,37,38668.93,13.52,6,Vehicular,2023-08-21
68,37,23460.36,11.86,48,Vehicular,2024-04-10
69,37,23280.32,20.54,12,Personal,2025-01-30
70,38,60384.48,16.37,12,Tarjeta de Crédito,2026-03-15
71,38,38489.15,8.51,48,Vehicular,2023-09-14
72,38,5939.91,17.48,6,Vehicular,2024-10-12
73,39,90681.44,23.38,6,Personal,2024-12-31
74,40,91812.42,23.35,60,Vehicular,2025-06-10
75,41,32766.94,23.2,36,Hipotecario,2025-07-27
76,42,27333.78,16.9,6,Tarjeta de Crédito,2024-02-04
77,42,62358.02,16.14,24,Hipotecario,2023-10-02
78,43,76831.44,18.82,36,Hipotecario,2025-11-26
79,44,96835.99,20.51,6,Hipotecario,2026-02-25
80,44,12028.23,12.56,24,Personal,2024-09-26
81,44,32122.06,8.84,60,Hipotecario,2025-09-26
82,45,76492.98,8.2,6,Vehicular,2025-05-21
83,46,36998.06,11.15,6,Tarjeta de Crédito,2025-10-20
84,47,41947.06,9.4,60,Hipotecario,2024-09-29
85,48,51056.93,9.35,48,Hipotecario,2024-08-13
86,48,92150.07,14.68,6,Hipotecario,2023-05-17
87,48,35481.79,8.61,48,Personal,2025-10-10
88,49,79960.46,16.18,12,Hipotecario,2026-01-14
89,49,14696.23,20.94,12,Vehicular,2024-02-27
90,50,48214.97,15.96,36,Tarjeta de Crédito,2023-05-18
91,50,94065.49,23.45,6,Vehicular,2023-04-03
92,50,84356.52,22.15,12,Vehicular,2025-09-20
93,51,47145.73,12.44,12,Vehicular,2024-12-25
94,51,20197.07,13.69,60,Hipotecario,2024-09-25
95,52,67397.78,14.37,36,Hipotecario,2023-06-10
96,53,47765.46,11.87,60,Tarjeta de Crédito,2026-07-23
97,54,2374.69,11.92,24,Vehicular,2026-06-10
98,54,46807.61,20.63,36,Personal,2024-12-18
99,54,58415.76,16.04,60,Tarjeta de Crédito,2025-05-22
100,55,61738.85,9.16,60,Vehicular,2022-11-28
101,55,1717.74,19.56,48,Vehicular,2024-11-19
102,55,22015.92,17.1,6,Tarjeta de Crédito,2022-10-20
103,56,12671.66,13.39,24,Hipotecario,2026-03-24
104,56,48278.61,13.17,6,Personal,2026-04-05
105,57,26009.61,15.93,60,Vehicular,2022-12-22
106,58,16909.42,12.42,48,Vehicular,2026-02-19
107,58,37334.87,21.82,24,Tarjeta de Crédito,2025-07-02
108,59,88193.8,15.86,24,Personal,2022-11-12
109,59,61306.54,10.94,24,Personal,2025-11-28
110,60,3250.31,16.06,48,Tarjeta de Crédito,2022-09-07
111,60,83275.54,17.09,6,Tarjeta de Crédito,2024-05-30
112,60,61642.03,10.66,60,Personal,2023-03-30
113,61,51529.78,17.32,24,Tarjeta de Crédito,2026-03-29
114,62,37343.03,13.42,6,Hipotecario,2025-05-04
115,63,15054.77,12.06,48,Hipotecario,2023-08-23
116,64,94204.97,22.03,6,Personal,2022-12-12
117,64,61343.27,21.74,6,Tarjeta de Crédito,2025-08-31
118,65,28869.76,19.15,36,Tarjeta de Crédito,2023-04-20
119,66,25377.97,22.55,36,Personal,2022-09-12
120,66,6780.07,21.25,12,Vehicular,2023-08-03
121,66,85400.54,16.69,48,Tarjeta de Crédito,2024-10-22
122,67,1472.37,16.14,12,Tarjeta de Crédito,2024-08-06
123,67,97904.7,19.4,6,Hipotecario,2024-03-30
124,68,17132.83,20.75,60,Hipotecario,2022-11-30
125,68,44369.13,8.31,60,Hipotecario,2025-04-14
126,69,46027.95,16.94,24,Tarjeta de Crédito,2025-05-15
127,70,17032.82,12.77,60,Vehicular,2025-06-29
128,70,58329.65,20.11,60,Hipotecario,2026-08-18
129,70,71850.05,15.22,48,Vehicular,2025-04-12
130,71,91774.05,10.87,6,Tarjeta de Crédito,2026-07-16
131,71,51308.63,9.76,6,Tarjeta de Crédito,2024-09-17
132,71,92182.87,9.54,6,Tarjeta de Crédito,2025-06-18
133,72,54149.73,18.25,36,Personal,2024-09-24
134,72,46679.63,21.88,36,Tarjeta de Crédito,2022-09-22
135,72,86103.93,8.41,24,Vehicular,2022-09-08
136,73,98010.46,10.74,12,Hipotecario,2024-12-02
137,74,37007.64,13.73,24,Tarjeta de Crédito,2025-01-01
138,75,31228.65,11.73,48,Tarjeta de Crédito,2024-05-28
139,76,51311.93,18.66,60,Vehicular,2022-09-16
140,76,85112.05,15.05,24,Personal,2022-09-23
141,76,32931.27,16.65,24,Tarjeta de Crédito,2024-11-28
142,77,5510.76,17.44,48,Tarjeta de Crédito,2025-09-23
143,77,24244.53,10.37,6,Personal,2023-10-29
144,77,86999.47,21.89,60,Personal,2024-12-08
145,78,98848.27,22.2,12,Tarjeta de Crédito,2023-11-17
146,78,50200.71,12.03,12,Tarjeta de Crédito,2022-09-24
147,78,6598.04,21.01,6,Tarjeta de Crédito,2024-10-17
148,79,53632.01,13.92,24,Tarjeta de Crédito,2026-02-12
149,79,88556.63,9.07,36,Tarjeta de Crédito,2025-08-17
150,80,25747.19,12.02,6,Personal,2025-07-11
151,80,85937.36,8.55,36,Personal,2024-06-27
152,81,86225.14,12.0,60,Vehicular,2026-02-01
153,81,56256.39,13.96,6,Hipotecario,2026-08-27
154,81,65432.44,13.18,24,Vehicular,2026-07-12
155,82,74687.82,11.26,12,Personal,2023-06-03
156,83,79483.56,17.5,48,Personal,2023-02-11
157,83,92315.11,17.29,6,Personal,2026-07-25
158,84,93917.29,11.9,60,Vehicular,2023-01-25
159,84,10441.23,12.28,48,Vehicular,2024-11-20
160,85,50716.34,23.0,12,Personal,2023-04-17
161,85,40487.26,17.32,60,Hipotecario,2023-09-07
162,85,65573.65,10.06,6,Vehicular,2023-06-23
163,86,18088.38,22.14,12,Personal,2025-04-17
164,87,46087.85,20.36,24,Vehicular,2024-11-23
165,88,89106.87,15.34,6,Vehicular,2023-09-25
166,88,11235.3,15.06,60,Personal,2026-02-15
167,89,24558.6,20.57,24,Tarjeta de Crédito,2024-03-01
168,89,10085.15,17.06,12,Vehicular,2023-10-18
169,90,25430.39,18.6,48,Vehicular,2026-01-14
170,90,56642.81,19.99,24,Hipotecario,2024-05-06
171,90,23900.13,22.09,36,Tarjeta de Crédito,2022-12-29
172,91,2517.23,15.89,12,Vehicular,2024-03-30
173,91,27920.51,23.79,36,Hipotecario,2024-05-20
174,91,10097.23,22.08,36,Personal,2024-08-11
175,92,79235.97,18.8,60,Vehicular,2025-01-22
176,93,49686.19,8.34,36,Hipotecario,2023-09-10
177,93,84614.09,12.91,36,Personal,2025-08-16
178,94,36454.26,17.5,12,Vehicular,2023-08-14
179,94,54134.08,8.09,6,Personal,2023-12-07
180,95,98589.77,22.25,36,Tarjeta de Crédito,2025-07-26
181,95,57197.34,11.68,36,Hipotecario,2026-03-07
182,96,98755.48,13.08,48,Hipotecario,2026-04-07
183,97,80810.38,14.18,60,Hipotecario,2023-01-01
184,97,27043.94,12.56,60,Vehicular,2025-06-09
185,98,10101.74,15.15,36,Hipotecario,2026-04-23
186,98,56410.96,19.48,48,Personal,2025-06-03
187,99,11106.79,17.89,60,Hipotecario,2025-11-20
188,99,41312.05,22.48,6,Tarjeta de Crédito,2022-10-17
189,100,75079.33,8.6,60,Vehicular,2023-01-21
190,101,88291.49,10.71,60,Tarjeta de Crédito,2024-05-19
191,101,91928.31,18.12,48,Hipotecario,2024-04-09
192,101,50571.71,9.46,12,Vehicular,2024-04-05
193,102,12485.78,13.32,24,Personal,2025-01-03
194,102,84960.61,9.79,6,Personal,2024-09-06
195,102,99250.75,16.12,24,Hipotecario,2022-11-24
196,103,74492.26,11.19,36,Hipotecario,2025-05-14
197,104,55387.21,12.44,12,Hipotecario,2022-09-12
198,104,86998.43,14.57,60,Hipotecario,2025-08-24
199,104,20988.78,18.36,60,Tarjeta de Crédito,2023-05-22
200,105,49582.82,11.12,36,Vehicular,2023-01-04
201,106,98201.04,15.73,48,Hipotecario,2024-10-13
202,106,60148.11,12.92,12,Vehicular,2026-04-03
203,107,94659.36,16.14,6,Hipotecario,2024-07-03
204,108,87621.05,17.75,36,Hipotecario,2025-05-26
205,108,69217.94,14.94,60,Hipotecario,2025-12-29
206,108,37406.34,16.79,6,Personal,2024-01-25
207,109,82027.56,10.38,60,Tarjeta de Crédito,2025-01-24
208,109,89799.45,10.58,6,Personal,2026-04-22
209,109,73274.89,22.53,60,Vehicular,2023-01-24
210,110,69477.46,23.97,60,Personal,2026-06-19
211,110,42462.79,23.71,24,Vehicular,2024-11-26
212,110,40525.19,23.77,24,Tarjeta de Crédito,2026-07-26
213,111,3116.08,14.1,24,Hipotecario,2022-11-03
214,112,37636.34,21.12,36,Vehicular,2023-08-20
215,113,10784.24,13.08,6,Vehicular,2023-07-23
216,113,2691.08,21.55,48,Tarjeta de Crédito,2026-06-29
217,114,34788.46,14.97,6,Personal,2026-05-08
218,114,96463.34,22.96,12,Hipotecario,2025-08-08
219,114,45226.31,18.09,24,Tarjeta de Crédito,2026-06-07
220,115,92092.54,18.0,48,Vehicular,2025-01-25
221,115,4237.18,19.95,36,Hipotecario,2024-09-05
222,116,19328.73,15.06,60,Hipotecario,2023-10-24
223,116,39501.9,17.81,60,Hipotecario,2022-11-09
224,117,17672.99,8.88,6,Vehicular,2026-08-03
225,117,47759.84,16.99,48,Tarjeta de Crédito,2022-12-22
226,117,93510.1,11.22,60,Vehicular,2025-07-27
227,118,50897.65,17.04,36,Hipotecario,2026-08-05
228,118,87392.44,12.76,24,Vehicular,2023-11-07
229,118,31668.68,13.72,24,Vehicular,2026-06-26
230,119,98480.26,18.32,6,Hipotecario,2024-12-19
231,119,9698.53,21.51,24,Personal,2025-01-20
232,119,39611.55,8.24,6,Personal,2025-06-16
233,120,29686.31,9.24,48,Hipotecario,2022-10-19
234,120,74852.52,8.44,48,Vehicular,2023-06-03
235,121,78460.36,13.94,6,Vehicular,2026-08-10
236,122,89741.12,8.75,6,Tarjeta de Crédito,2026-04-11
237,122,92464.56,21.85,6,Vehicular,2023-12-30
238,123,92657.98,12.73,36,Hipotecario,2022-09-22
239,123,82368.75,19.37,48,Hipotecario,2023-07-16
240,124,52214.91,13.31,48,Vehicular,2025-02-25
241,124,41560.38,17.39,6,Tarjeta de Crédito,2023-04-09
242,125,34171.81,16.93,12,Hipotecario,2025-11-09
243,125,87323.8,17.47,6,Hipotecario,2026-02-23
244,126,72606.75,22.73,12,Hipotecario,2025-09-09
245,127,99697.02,16.68,12,Tarjeta de Crédito,2026-02-24
246,128,60678.84,15.7,48,Hipotecario,2024-05-08
247,129,10001.1,9.65,48,Vehicular,2026-08-10
248,129,90366.59,21.4,6,Personal,2022-12-26
249,129,70453.93,13.39,48,Personal,2023-12-06
250,130,5953.83,16.21,60,Vehicular,2023-05-08
251,131,42109.1,23.0,48,Hipotecario,2025-01-21
252,131,42044.49,21.5,36,Vehicular,2023-09-06
253,132,80214.08,10.21,60,Hipotecario,2025-01-25
254,132,86669.11,8.35,36,Hipotecario,2026-03-17
255,133,69691.89,14.56,60,Tarjeta de Crédito,2026-04-09
256,134,43455.9,9.94,12,Vehicular,2024-04-24
257,135,46396.57,13.98,48,Hipotecario,2025-07-15
258,135,38523.8,11.96,24,Hipotecario,2026-06-21
259,135,70607.18,13.25,12,Personal,2024-12-15
260,136,52929.98,18.9,24,Vehicular,2024-01-26
261,136,87998.69,20.1,60,Vehicular,2024-04-16
262,137,56024.06,19.16,36,Personal,2025-11-14
263,137,78711.18,18.99,24,Hipotecario,2025-10-21
264,138,70408.57,10.45,12,Vehicular,2023-04-03
265,138,10791.05,13.1,24,Tarjeta de Crédito,2026-01-07
266,139,64740.36,11.22,36,Vehicular,2025-08-03
267,139,42081.43,19.63,24,Tarjeta de Crédito,2025-09-26
268,139,42119.98,17.17,60,Tarjeta de Crédito,2022-12-28
269,140,1402.75,8.03,60,Hipotecario,2024-10-14
270,140,4308.71,22.87,48,Personal,2025-10-30
271,141,1145.64,20.91,24,Tarjeta de Crédito,2024-02-17
272,141,52451.1,19.28,36,Personal,2022-11-20
273,142,67788.88,16.81,6,Personal,2023-01-27
274,142,98026.24,22.61,36,Vehicular,2024-07-07
275,142,74096.81,13.24,6,Tarjeta de Crédito,2023-08-24
276,143,41353.04,14.14,24,Personal,2026-03-23
277,143,4749.16,8.9,6,Tarjeta de Crédito,2022-12-25
278,144,35080.51,13.89,60,Vehicular,2024-02-09
279,144,38756.74,11.99,24,Tarjeta de Crédito,2025-03-26
280,145,83283.56,10.36,12,Tarjeta de Crédito,2025-12-05
281,146,85792.36,13.68,60,Vehicular,2025-04-08
282,147,25392.9,10.43,24,Vehicular,2025-03-11
283,147,97615.14,18.22,6,Tarjeta de Crédito,2024-05-06
284,148,72087.22,13.76,6,Hipotecario,2025-12-12
285,148,55471.17,9.41,60,Tarjeta de Crédito,2024-01-18
286,148,21163.96,12.51,60,Tarjeta de Crédito,2022-10-14
287,149,61164.89,23.99,48,Tarjeta de Crédito,2025-05-10
288,150,31328.31,17.56,60,Personal,2023-10-27
289,151,81338.54,11.18,6,Vehicular,2025-12-28
290,151,32795.54,10.42,24,Personal,2024-07-28
291,152,91425.12,20.23,36,Personal,2024-09-29
292,152,5168.7,10.0,36,Personal,2023-08-18
293,152,46560.95,23.67,6,Tarjeta de Crédito,2024-03-03
294,153,30291.6,13.45,6,Personal,2025-01-04
295,153,23971.1,19.75,60,Hipotecario,2024-04-03
296,154,64451.42,15.02,60,Tarjeta de Crédito,2024-06-29
297,154,35997.53,9.19,12,Tarjeta de Crédito,2023-06-13
298,154,34697.31,10.17,36,Hipotecario,2025-07-19
299,155,95387.15,9.91,48,Personal,2025-02-24
300,155,1963.62,19.13,48,Hipotecario,2025-06-20
301,156,55227.62,23.39,6,Personal,2024-04-10
302,156,24374.9,14.8,60,Hipotecario,2023-01-09
303,157,59304.78,19.21,48,Personal,2025-12-10
304,157,32470.24,14.35,60,Tarjeta de Crédito,2025-04-15
305,158,97978.72,13.96,12,Hipotecario,2023-11-30
306,159,1916.67,12.92,48,Personal,2026-01-19
307,159,30472.87,9.98,24,Tarjeta de Crédito,2023-09-15
308,159,10694.72,15.53,48,Tarjeta de Crédito,2025-09-09
309,160,27952.85,20.54,36,Personal,2022-12-21
310,160,71003.18,16.61,48,Personal,2023-01-03
311,161,97542.24,12.57,24,Tarjeta de Crédito,2023-10-19
312,161,71630.75,23.3,48,Personal,2023-04-25
313,161,26506.45,16.08,6,Hipotecario,2024-04-10
314,162,43623.13,10.99,24,Vehicular,2025-09-07
315,162,85956.09,14.14,48,Tarjeta de Crédito,2025-12-28
316,162,67966.07,11.53,48,Hipotecario,2025-05-09
317,163,87764.57,8.56,6,Hipotecario,2023-04-25
318,163,81137.83,9.82,60,Vehicular,2025-10-21
319,163,23024.74,13.06,6,Personal,2024-04-25
320,164,41566.6,15.69,6,Personal,2024-01-02
321,165,80107.72,22.4,12,Tarjeta de Crédito,2024-03-11
322,166,32837.08,17.99,60,Personal,2023-02-10
323,166,40464.1,10.24,24,Hipotecario,2023-01-18
324,166,67583.43,18.93,60,Vehicular,2022-09-06
325,167,49420.79,21.3,24,Personal,2023-12-20
326,167,93845.07,13.21,36,Vehicular,2024-07-19
327,168,25402.83,22.55,24,Hipotecario,2024-03-10
328,168,48304.32,19.53,6,Personal,2025-11-23
329,168,47855.49,18.31,60,Personal,2023-10-22
330,169,79481.06,9.74,36,Vehicular,2023-02-03
331,169,85135.29,15.99,36,Tarjeta de Crédito,2023-03-22
332,170,39544.1,22.65,24,Personal,2023-01-11
333,171,99272.95,10.79,48,Personal,2023-06-16
334,172,17244.28,23.61,24,Personal,2024-06-28
335,172,59604.81,10.48,12,Vehicular,2024-07-26
336,172,15052.32,10.0,60,Vehicular,2025-01-10
337,173,47236.94,10.36,12,Tarjeta de Crédito,2025-01-06
338,173,22836.23,16.83,36,Hipotecario,2024-11-02
339,173,82803.39,23.16,36,Personal,2024-05-23
340,174,87603.15,14.98,60,Vehicular,2023-02-05
341,175,95787.71,22.7,60,Personal,2022-10-08
342,175,47807.16,15.36,12,Hipotecario,2023-01-15
343,175,40732.66,18.47,12,Vehicular,2024-02-29
344,176,48037.74,12.51,36,Vehicular,2025-01-05
345,176,85468.79,17.09,12,Vehicular,2023-01-20
346,176,31439.95,23.37,48,Vehicular,2025-03-13
347,177,9521.74,18.57,36,Tarjeta de Crédito,2025-03-15
348,178,75366.52,19.45,60,Hipotecario,2025-12-29
349,178,63534.91,9.28,6,Tarjeta de Crédito,2024-01-14
350,179,43859.61,18.0,6,Personal,2026-05-01
351,180,3922.33,13.8,6,Hipotecario,2024-04-18
352,180,10477.91,12.29,48,Vehicular,2022-09-17
353,180,5428.84,14.94,36,Tarjeta de Crédito,2023-11-25
354,181,80320.42,12.24,36,Tarjeta de Crédito,2024-06-01
355,182,68010.62,8.61,12,Hipotecario,2024-04-22
356,183,48732.78,9.95,6,Hipotecario,2025-12-21
357,183,93268.18,12.36,6,Personal,2023-01-07
358,184,66657.66,18.05,12,Personal,2025-09-28
359,184,97592.26,9.71,36,Hipotecario,2026-06-28
360,184,67775.49,14.35,12,Tarjeta de Crédito,2025-01-14
361,185,30337.57,21.99,48,Vehicular,2026-07-05
362,185,93534.94,8.28,24,Vehicular,2023-09-10
363,185,68638.88,12.73,6,Hipotecario,2025-02-02
364,186,3748.49,11.76,12,Personal,2024-11-15
365,187,41620.26,14.01,24,Hipotecario,2023-05-19
366,187,61380.42,9.6,60,Vehicular,2025-07-28
367,188,16886.58,15.61,12,Tarjeta de Crédito,2024-04-11
368,189,56149.84,14.98,6,Personal,2023-05-19
369,189,51924.22,20.11,6,Vehicular,2023-04-01
370,189,42195.56,19.97,24,Tarjeta de Crédito,2023-10-20
371,190,38150.64,19.47,6,Tarjeta de Crédito,2023-12-09
372,191,86006.56,11.36,60,Personal,2023-10-19
373,192,58931.22,16.56,12,Hipotecario,2024-10-03
374,192,25284.94,20.8,12,Personal,2023-04-12
375,192,41916.65,16.33,48,Hipotecario,2022-12-05
376,193,20264.49,21.87,60,Hipotecario,2023-05-15
377,193,3351.97,10.49,36,Personal,2024-07-04
378,193,21686.46,11.69,6,Tarjeta de Crédito,2023-10-31
379,194,80490.86,13.73,6,Tarjeta de Crédito,2024-06-13
380,195,56902.72,22.24,36,Hipotecario,2023-12-07
381,195,16374.62,17.6,60,Tarjeta de Crédito,2024-09-19
382,196,77685.21,21.99,36,Hipotecario,2025-12-26
383,196,44244.93,15.09,36,Personal,2022-12-26
384,197,89093.33,23.24,12,Vehicular,2024-03-11
385,198,47971.84,20.73,12,Personal,2023-09-24
386,199,51003.12,23.05,36,Personal,2023-09-16
387,199,31777.68,16.48,36,Tarjeta de Crédito,2025-09-21
388,200,98690.46,9.2,48,Vehicular,2025-04-25
389,200,66120.62,20.24,60,Vehicular,2024-10-07
390,200,86205.29,10.55,6,Tarjeta de Crédito,2025-03-08
391,201,87051.69,22.69,24,Personal,2025-04-12
392,202,93116.22,17.26,12,Hipotecario,2023-06-28
393,202,98832.06,19.67,48,Hipotecario,2024-08-09
394,203,53064.19,15.66,24,Personal,2023-02-11
395,203,11779.07,18.67,24,Hipotecario,2023-03-27
396,204,14616.73,8.87,6,Personal,2023-12-15
397,204,26823.23,15.05,24,Tarjeta de Crédito,2022-09-08
398,204,36127.35,22.36,6,Tarjeta de Crédito,2024-05-04
399,205,84300.22,13.47,48,Hipotecario,2024-01-27
400,206,38737.55,12.1,24,Vehicular,2026-03-28
401,206,22000.51,8.56,12,Vehicular,2025-04-18
402,206,37486.4,10.7,48,Hipotecario,2024-04-10
403,207,28903.62,12.65,24,Tarjeta de Crédito,2026-01-29
404,208,49929.93,11.17,6,Vehicular,2026-04-29
405,209,4503.79,13.15,6,Tarjeta de Crédito,2024-01-22
406,209,77559.4,15.83,36,Vehicular,2024-07-12
407,209,34699.69,18.48,24,Hipotecario,2024-01-30
408,210,15380.66,19.59,24,Vehicular,2024-06-27
409,210,77651.66,9.59,12,Personal,2026-02-15
410,210,5345.51,9.91,48,Vehicular,2026-02-28
411,211,13361.5,9.17,12,Personal,2026-04-25
412,212,30120.0,23.69,24,Hipotecario,2025-06-05
413,213,75225.5,12.5,12,Vehicular,2025-03-09
414,213,26405.02,14.12,6,Hipotecario,2023-03-28
415,213,27835.89,17.44,36,Hipotecario,2023-12-08
416,214,7868.6,19.34,12,Hipotecario,2024-01-09
417,215,46109.08,20.5,36,Tarjeta de Crédito,2025-03-23
418,215,39356.16,20.21,60,Personal,2025-08-13
419,216,40536.78,21.98,6,Tarjeta de Crédito,2023-07-07
420,216,75073.93,17.75,36,Hipotecario,2024-09-11
421,216,50432.53,18.42,12,Tarjeta de Crédito,2023-12-30
422,217,80122.71,8.66,24,Hipotecario,2023-05-31
423,218,75138.21,11.01,6,Personal,2024-05-08
424,218,14587.85,15.14,48,Tarjeta de Crédito,2024-01-06
425,219,26614.79,17.64,12,Tarjeta de Crédito,2023-11-24
426,219,24709.97,14.55,48,Personal,2025-10-13
427,220,20676.11,17.54,36,Personal,2025-08-12
428,221,84748.53,11.95,24,Personal,2025-05-08
429,221,87227.35,16.64,24,Personal,2024-09-29
430,222,65221.87,23.0,6,Hipotecario,2025-02-08
431,222,2039.02,8.56,36,Personal,2025-12-25
432,222,86867.71,13.47,12,Tarjeta de Crédito,2023-09-09
433,223,45571.28,11.93,36,Personal,2024-01-17
434,223,81814.8,22.75,48,Tarjeta de Crédito,2024-04-04
435,223,27030.32,21.89,36,Tarjeta de Crédito,2023-11-07
436,224,1961.7,20.41,24,Hipotecario,2026-02-17
437,224,84495.43,10.68,36,Tarjeta de Crédito,2025-12-31
438,225,68359.42,11.46,24,Tarjeta de Crédito,2024-04-30
439,225,64769.67,11.06,36,Hipotecario,2024-03-18
440,226,8007.98,13.28,36,Tarjeta de Crédito,2023-02-21
441,226,18185.29,15.97,6,Hipotecario,2026-08-15
442,227,84045.5,17.58,48,Tarjeta de Crédito,2025-01-20
443,227,52558.28,22.28,36,Hipotecario,2023-07-05
444,227,51768.71,8.7,48,Vehicular,2025-03-05
445,228,64665.29,10.47,60,Tarjeta de Crédito,2024-12-23
446,228,64889.14,10.32,36,Hipotecario,2023-06-04
447,229,79991.85,22.58,48,Vehicular,2025-07-23
448,230,81854.64,17.02,60,Personal,2025-12-03
449,230,70035.16,13.3,36,Personal,2024-12-30
450,230,49025.92,20.89,6,Vehicular,2022-10-09
451,231,75771.38,18.19,12,Vehicular,2025-10-01
452,232,13453.49,13.77,6,Vehicular,2024-08-15
453,233,12888.43,22.28,48,Tarjeta de Crédito,2025-09-02
454,233,51935.79,16.84,36,Personal,2023-07-20
455,233,91816.93,15.69,24,Personal,2024-07-10
456,234,42191.06,22.55,36,Personal,2026-01-19
457,235,94617.54,19.01,36,Vehicular,2023-11-24
458,236,30465.5,19.76,60,Tarjeta de Crédito,2026-03-12
459,237,88634.9,18.66,36,Hipotecario,2025-08-09
460,237,79358.22,12.14,36,Hipotecario,2022-12-14
461,238,26461.64,9.88,12,Hipotecario,2026-02-21
462,238,37580.69,8.3,48,Tarjeta de Crédito,2026-04-06
463,239,10943.56,22.67,6,Hipotecario,2026-01-16
464,240,66288.54,10.19,36,Vehicular,2026-01-15
465,240,13173.94,21.73,48,Vehicular,2024-05-25
466,241,23308.17,23.29,36,Hipotecario,2025-07-09
467,241,94639.54,19.24,36,Personal,2024-10-12
468,241,29976.79,20.97,24,Personal,2023-04-02
469,242,17022.48,17.52,60,Vehicular,2025-05-08
470,242,44005.75,8.12,60,Vehicular,2023-12-12
471,242,69014.82,18.18,48,Personal,2023-09-08
472,243,48519.74,15.27,12,Tarjeta de Crédito,2023-09-25
473,244,97167.18,14.54,12,Vehicular,2025-06-17
474,245,96055.58,8.6,36,Vehicular,2023-04-25
475,245,81278.35,17.93,24,Personal,2025-09-13
476,246,33201.52,15.83,36,Vehicular,2024-06-16
477,247,61644.0,14.36,6,Hipotecario,2026-01-05
478,247,93423.76,18.64,24,Hipotecario,2024-04-05
479,248,34284.33,20.19,6,Personal,2022-12-21
480,248,11226.99,12.65,24,Vehicular,2024-07-26
481,249,33091.54,13.69,24,Tarjeta de Crédito,2025-03-14
482,249,12710.06,11.79,24,Vehicular,2024-09-11
483,249,42759.33,19.2,60,Tarjeta de Crédito,2025-02-18
484,250,13003.29,9.57,6,Personal,2024-05-12
485,250,16991.38,13.47,12,Vehicular,2024-12-06
486,251,52911.74,20.59,60,Vehicular,2024-10-23
487,252,20543.7,18.9,36,Personal,2026-08-02
488,252,43039.04,18.28,60,Tarjeta de Crédito,2026-07-28
489,253,60756.25,17.24,24,Hipotecario,2026-05-10
490,253,48095.59,12.47,24,Vehicular,2025-08-07
491,254,56766.01,17.08,6,Hipotecario,2024-06-08
492,254,67442.65,9.65,60,Hipotecario,2024-12-20
493,254,5618.58,18.65,60,Vehicular,2022-10-25
494,255,84017.06,22.65,48,Hipotecario,2026-01-08
495,256,10581.92,23.16,12,Personal,2024-03-09
496,256,46589.2,8.1,60,Tarjeta de Crédito,2025-08-22
497,256,24177.78,23.68,24,Vehicular,2026-06-20
498,257,23625.23,9.93,6,Hipotecario,2026-02-10
499,258,16925.81,18.4,60,Vehicular,2024-12-10
500,258,40973.22,20.15,12,Tarjeta de Crédito,2025-03-08
501,259,90272.34,14.66,24,Hipotecario,2025-05-16
502,260,13481.04,22.88,12,Tarjeta de Crédito,2026-07-19
503,260,88467.71,23.72,36,Hipotecario,2023-01-08
504,260,40825.36,22.07,6,Tarjeta de Crédito,2023-02-14
505,261,43316.15,16.42,36,Personal,2025-12-05
506,262,46361.72,15.39,6,Hipotecario,2023-09-18
507,263,77189.23,22.7,12,Hipotecario,2025-06-15
508,264,41541.47,19.1,6,Personal,2025-06-26
509,264,95453.02,11.64,12,Tarjeta de Crédito,2024-03-02
510,265,82352.66,8.06,60,Vehicular,2023-05-14
511,265,82229.26,20.21,24,Personal,2025-05-30
512,266,42269.64,8.4,12,Hipotecario,2025-04-06
513,266,43809.26,20.99,48,Tarjeta de Crédito,2022-11-05
514,266,32227.51,16.6,6,Vehicular,2025-01-19
515,267,44589.09,19.16,12,Hipotecario,2025-05-27
516,267,34946.8,11.17,36,Hipotecario,2025-07-16
517,267,66029.06,12.72,6,Hipotecario,2025-05-29
518,268,25513.24,16.3,36,Personal,2024-05-10
519,268,47079.14,8.56,6,Personal,2025-11-10
520,269,92870.47,22.43,36,Tarjeta de Crédito,2024-01-26
521,269,64361.31,21.53,48,Tarjeta de Crédito,2026-01-16
522,270,89630.58,21.8,48,Tarjeta de Crédito,2024-06-27
523,270,74998.01,18.23,6,Hipotecario,2023-02-09
524,270,56598.8,14.96,48,Hipotecario,2022-09-14
525,271,96543.87,19.85,60,Personal,2023-01-29
526,271,83785.75,11.15,12,Personal,2023-10-04
527,272,5671.95,16.34,12,Vehicular,2023-08-08
528,272,16566.15,20.78,24,Hipotecario,2024-10-30
529,272,29910.57,20.12,12,Hipotecario,2025-11-01
530,273,97362.76,11.83,36,Personal,2024-11-11
531,273,43528.76,11.7,60,Vehicular,2025-01-11
532,274,68293.33,8.76,36,Tarjeta de Crédito,2025-02-15
533,274,75798.6,20.51,6,Personal,2025-08-01
534,275,29708.22,15.63,24,Tarjeta de Crédito,2025-02-07
535,276,66952.38,9.69,12,Hipotecario,2023-08-07
536,276,16740.56,23.55,48,Tarjeta de Crédito,2024-07-21
537,277,23910.79,15.25,36,Tarjeta de Crédito,2024-04-01
538,278,26847.85,14.66,48,Hipotecario,2024-04-27
539,278,14388.94,16.49,12,Tarjeta de Crédito,2024-08-17
540,278,80415.11,14.27,36,Vehicular,2025-12-10
541,279,50506.77,23.3,48,Hipotecario,2025-07-19
542,279,3148.5,21.76,24,Tarjeta de Crédito,2025-02-28
543,279,73185.13,12.98,6,Personal,2025-08-05
544,280,29251.64,21.14,36,Personal,2024-10-14
545,280,2479.53,15.61,48,Personal,2023-04-20
546,280,18197.66,23.95,60,Hipotecario,2024-02-15
547,281,91356.22,23.81,24,Personal,2022-10-06
548,281,56416.67,11.05,12,Hipotecario,2024-09-16
549,281,86613.69,15.0,48,Tarjeta de Crédito,2023-02-07
550,282,32206.34,19.54,12,Hipotecario,2023-11-30
551,282,61085.8,11.27,24,Hipotecario,2024-06-05
552,282,6488.68,15.55,36,Tarjeta de Crédito,2026-07-29
553,283,49910.88,8.47,12,Tarjeta de Crédito,2023-01-09
554,283,56408.22,20.39,6,Hipotecario,2023-02-25
555,283,4837.11,10.93,6,Hipotecario,2026-03-12
556,284,79960.01,20.5,24,Hipotecario,2025-10-06
557,284,83973.32,21.65,48,Personal,2023-04-06
558,284,16652.04,10.15,48,Personal,2024-02-21
559,285,34658.39,13.65,48,Vehicular,2023-12-26
560,285,30958.64,15.21,24,Hipotecario,2024-02-12
561,286,50426.03,23.51,6,Vehicular,2024-08-05
562,287,10143.11,14.34,36,Vehicular,2025-12-29
563,287,42106.51,20.79,12,Tarjeta de Crédito,2023-07-16
564,288,21349.46,21.48,60,Personal,2024-11-15
565,288,42869.41,20.87,60,Hipotecario,2024-09-17
566,289,31063.11,22.61,6,Vehicular,2024-02-21
567,290,84843.63,22.65,48,Vehicular,2024-09-06
568,290,56884.24,8.72,36,Personal,2023-01-27
569,290,31654.06,8.85,36,Vehicular,2024-07-09
570,291,40734.86,20.85,6,Tarjeta de Crédito,2025-09-23
571,291,80746.76,13.83,24,Personal,2025-08-15
572,292,71579.95,10.24,12,Vehicular,2024-07-31
573,292,22028.82,17.97,24,Tarjeta de Crédito,2024-01-06
574,292,93408.29,18.27,6,Tarjeta de Crédito,2022-12-11
575,293,78232.23,11.6,24,Tarjeta de Crédito,2023-12-08
576,293,36179.48,20.77,36,Tarjeta de Crédito,2022-11-06
577,293,58612.86,20.85,36,Tarjeta de Crédito,2026-02-07
578,294,50731.12,18.02,60,Vehicular,2025-09-06
579,294,94347.91,8.57,6,Vehicular,2023-02-23
580,295,15371.66,17.14,36,Tarjeta de Crédito,2022-10-03
581,295,17435.84,16.84,24,Tarjeta de Crédito,2026-04-09
582,296,26272.88,11.25,24,Hipotecario,2024-02-12
583,297,32041.57,12.63,60,Tarjeta de Crédito,2025-05-31
584,297,58538.3,21.59,36,Tarjeta de Crédito,2023-02-14
585,298,52743.37,19.1,6,Vehicular,2025-07-15
586,298,75536.83,9.41,24,Tarjeta de Crédito,2026-01-22
587,299,42920.35,15.0,60,Personal,2023-05-11
588,299,47452.64,19.92,36,Hipotecario,2026-08-12
589,300,34531.08,11.28,60,Tarjeta de Crédito,2025-10-22
590,300,40761.62,20.48,6,Personal,2023-09-11
591,301,76225.49,22.68,12,Hipotecario,2024-11-07
592,301,26111.05,21.36,36,Tarjeta de Crédito,2023-05-27
593,301,87849.3,11.15,60,Tarjeta de Crédito,2025-01-02
594,302,67257.14,23.75,60,Tarjeta de Crédito,2023-05-04
595,302,11742.71,8.92,36,Vehicular,2024-01-25
596,302,66784.29,19.51,6,Hipotecario,2025-01-14
597,303,83276.39,18.45,36,Personal,2024-06-21
598,303,37373.97,15.17,60,Tarjeta de Crédito,2024-08-15
599,303,53709.24,17.74,60,Vehicular,2023-08-24
600,304,37281.04,12.81,6,Vehicular,2026-01-19
601,304,74785.28,18.98,12,Vehicular,2024-05-19
602,304,75669.86,11.3,24,Tarjeta de Crédito,2025-05-03
603,305,24953.42,15.91,6,Personal,2023-06-11
604,305,93036.61,9.95,6,Hipotecario,2023-06-14
605,306,51000.2,22.93,12,Personal,2025-05-19
606,307,85246.41,20.52,36,Personal,2025-06-15
607,307,17295.54,14.21,60,Vehicular,2024-06-30
608,308,51701.19,23.36,60,Personal,2024-05-04
609,309,79786.26,10.22,24,Hipotecario,2022-10-13
610,309,57696.69,10.82,6,Vehicular,2025-10-17
611,310,26312.45,10.61,48,Hipotecario,2025-04-08
612,311,21950.85,14.64,48,Tarjeta de Crédito,2026-05-31
613,312,1762.75,20.33,24,Hipotecario,2023-07-01
614,313,62734.99,22.01,24,Tarjeta de Crédito,2024-07-27
615,313,8572.62,15.6,36,Personal,2025-03-05
616,313,24491.61,14.72,6,Personal,2024-06-26
617,314,20465.41,22.26,60,Hipotecario,2024-04-24
618,314,31565.09,14.65,60,Hipotecario,2022-09-04
619,314,18125.06,13.48,60,Hipotecario,2025-08-27
620,315,40716.93,20.38,12,Tarjeta de Crédito,2023-07-28
621,316,70871.43,10.75,60,Hipotecario,2023-07-14
622,316,58438.45,17.23,60,Vehicular,2023-11-04
623,317,95184.52,20.02,60,Tarjeta de Crédito,2025-11-09
624,317,64716.08,19.62,48,Personal,2025-08-26
625,317,39425.36,22.72,48,Personal,2026-02-05
626,318,5187.4,18.52,36,Tarjeta de Crédito,2026-01-16
627,319,62532.26,19.47,24,Vehicular,2022-12-04
628,320,18507.15,15.68,60,Vehicular,2025-02-10
629,320,21050.63,20.99,24,Vehicular,2023-02-03
630,320,98242.99,15.34,24,Tarjeta de Crédito,2026-01-21
631,321,45963.53,8.24,6,Hipotecario,2026-05-14
632,321,3152.99,14.16,6,Hipotecario,2024-12-10
633,321,12197.03,11.38,48,Hipotecario,2023-06-15
634,322,34950.0,23.1,36,Vehicular,2024-03-19
635,322,63157.84,18.95,24,Tarjeta de Crédito,2024-01-17
636,322,26995.58,22.99,48,Vehicular,2023-07-01
637,323,22519.81,21.73,60,Vehicular,2024-08-08
638,324,71698.55,12.32,48,Hipotecario,2023-02-22
639,324,56893.85,8.75,48,Hipotecario,2023-10-10
640,325,21790.47,15.94,12,Vehicular,2025-07-05
641,326,98099.65,12.1,12,Personal,2026-04-30
642,326,97292.24,20.46,36,Tarjeta de Crédito,2024-09-27
643,326,37085.7,10.76,6,Hipotecario,2024-11-25
644,327,26228.26,12.88,36,Personal,2025-05-17
645,327,9946.48,19.29,6,Tarjeta de Crédito,2023-12-28
646,327,31998.28,17.28,6,Tarjeta de Crédito,2025-03-13
647,328,59129.0,12.93,48,Tarjeta de Crédito,2024-04-23
648,328,12965.24,10.03,12,Hipotecario,2025-04-04
649,328,51773.38,20.83,36,Personal,2024-04-29
650,329,66617.05,11.78,60,Hipotecario,2025-02-25
651,329,56714.82,15.81,24,Personal,2023-02-22
652,330,64406.28,19.54,60,Hipotecario,2024-02-20
653,331,20378.01,11.27,12,Hipotecario,2024-02-26
654,331,15726.45,11.53,60,Vehicular,2026-04-03
655,332,65211.33,23.78,36,Personal,2024-08-09
656,332,94671.63,9.91,60,Tarjeta de Crédito,2025-04-14
657,332,31665.06,11.86,60,Tarjeta de Crédito,2023-05-24
658,333,43148.82,19.77,6,Personal,2026-02-13
659,334,99753.05,20.87,6,Personal,2025-07-10
660,334,45218.53,9.13,60,Tarjeta de Crédito,2025-08-29
661,334,78699.89,11.83,12,Vehicular,2026-01-23
662,335,7359.51,13.06,12,Hipotecario,2023-12-04
663,335,79272.36,9.43,60,Personal,2026-07-26
664,336,41085.62,8.82,36,Tarjeta de Crédito,2025-04-09
665,337,13464.4,11.2,12,Vehicular,2025-03-02
666,337,17080.65,10.92,48,Hipotecario,2023-01-07
667,337,56156.14,22.05,12,Hipotecario,2025-07-08
668,338,28913.89,21.27,12,Vehicular,2023-03-25
669,339,99369.73,20.67,6,Vehicular,2023-12-28
670,340,49229.37,17.08,12,Tarjeta de Crédito,2023-02-28
671,340,60376.41,18.85,6,Hipotecario,2023-09-03
672,340,29235.51,13.15,12,Tarjeta de Crédito,2023-12-16
673,341,20515.96,17.3,6,Tarjeta de Crédito,2023-02-26
674,342,13393.2,19.8,60,Vehicular,2023-06-09
675,343,27712.69,11.41,60,Vehicular,2024-03-30
676,344,85304.49,23.43,12,Tarjeta de Crédito,2025-08-10
677,344,64110.87,14.42,36,Vehicular,2023-04-05
678,345,29084.0,20.35,24,Hipotecario,2024-10-30
679,345,86840.22,11.56,12,Personal,2024-04-23
680,345,92706.63,23.35,6,Hipotecario,2024-06-08
681,346,93288.88,13.74,48,Personal,2025-03-12
682,346,1272.64,11.25,12,Tarjeta de Crédito,2023-03-31
683,346,70133.62,21.56,48,Vehicular,2025-02-06
684,347,31244.04,8.4,12,Hipotecario,2024-04-16
685,347,42331.14,10.87,36,Vehicular,2024-06-16
686,348,92573.31,23.52,60,Vehicular,2023-06-13
687,348,55047.39,14.77,60,Tarjeta de Crédito,2024-09-23
688,349,79430.8,21.45,60,Hipotecario,2025-05-12
689,349,74731.46,23.42,24,Tarjeta de Crédito,2024-12-10
690,349,60471.93,10.41,24,Hipotecario,2025-08-10
691,350,49993.7,12.24,12,Personal,2026-07-26
692,351,58913.56,16.18,60,Hipotecario,2025-05-27
693,351,57501.25,20.51,12,Hipotecario,2026-08-13
694,352,22561.16,18.49,36,Vehicular,2023-05-25
695,352,67206.33,15.4,48,Vehicular,2025-01-07
696,353,6831.75,22.18,48,Tarjeta de Crédito,2023-05-15
697,353,5977.45,20.21,48,Vehicular,2024-09-27
698,353,35356.43,8.27,6,Vehicular,2023-11-20
699,354,97525.0,8.47,24,Vehicular,2023-04-03
700,355,24863.11,17.73,36,Tarjeta de Crédito,2023-06-15
701,356,12132.66,17.29,36,Personal,2023-12-30
702,357,83285.73,12.28,36,Hipotecario,2026-03-28
703,358,61224.72,12.83,12,Tarjeta de Crédito,2024-07-29
704,358,84756.8,17.69,48,Personal,2025-04-17
705,359,83003.11,9.88,36,Hipotecario,2022-11-20
706,359,19061.95,23.66,24,Personal,2026-05-04
707,359,95169.39,20.41,6,Personal,2024-03-08
708,360,53328.25,11.45,6,Tarjeta de Crédito,2022-09-12
709,360,31250.2,20.07,24,Vehicular,2024-09-19
710,360,17267.42,19.87,6,Personal,2023-03-29
711,361,2910.97,15.26,12,Hipotecario,2023-06-28
712,361,90905.29,13.97,48,Personal,2026-02-15
713,362,13679.13,11.28,60,Tarjeta de Crédito,2024-04-16
714,362,33032.46,14.25,60,Hipotecario,2025-01-17
715,363,10237.56,22.85,6,Hipotecario,2024-10-22
716,364,18349.79,19.29,36,Hipotecario,2025-06-08
717,365,32144.62,18.18,12,Vehicular,2024-10-05
718,366,35369.05,15.54,60,Personal,2024-05-25
719,367,55750.95,23.34,12,Tarjeta de Crédito,2025-07-27
720,367,79814.14,8.26,48,Personal,2024-09-30
721,367,50759.64,12.82,24,Personal,2024-06-04
722,368,42936.97,8.77,24,Tarjeta de Crédito,2025-09-05
723,369,71802.36,22.74,48,Hipotecario,2026-03-25
724,369,84882.13,16.16,48,Hipotecario,2024-07-18
725,370,98308.79,8.62,48,Personal,2024-09-26
726,370,40135.29,20.81,24,Vehicular,2023-05-15
727,370,90257.04,23.61,6,Vehicular,2023-01-04
728,371,83426.77,9.81,12,Hipotecario,2025-01-23
729,371,51057.9,22.79,48,Tarjeta de Crédito,2022-10-15
730,371,69074.94,9.6,12,Tarjeta de Crédito,2026-01-16
731,372,13062.03,8.47,24,Hipotecario,2025-11-23
732,373,75990.57,17.7,60,Vehicular,2023-08-06
733,373,10139.24,20.07,6,Vehicular,2023-11-25
734,374,2286.66,23.67,48,Vehicular,2022-10-18
735,374,90460.95,10.44,12,Vehicular,2023-10-29
736,374,31741.88,10.71,48,Tarjeta de Crédito,2023-08-13
737,375,56437.78,12.77,6,Hipotecario,2024-12-11
738,375,50945.85,16.52,6,Tarjeta de Crédito,2023-11-20
739,376,84510.04,9.51,6,Vehicular,2023-05-17
740,377,4916.27,9.4,12,Personal,2025-12-23
741,377,8712.34,19.7,6,Personal,2024-08-08
742,377,4283.32,17.46,24,Vehicular,2025-01-23
743,378,67764.65,8.37,12,Vehicular,2025-10-25
744,378,27119.72,19.7,24,Personal,2025-12-11
745,378,19912.94,10.34,36,Vehicular,2025-11-30
746,379,69733.21,18.58,48,Personal,2024-10-06
747,379,79454.42,19.28,60,Tarjeta de Crédito,2024-12-29
748,380,31512.27,15.37,36,Tarjeta de Crédito,2024-10-30
749,381,60158.22,22.53,12,Hipotecario,2023-02-20
750,382,43345.65,20.74,12,Personal,2025-02-03
751,383,94440.64,17.51,48,Hipotecario,2023-02-22
752,384,29044.42,8.36,12,Tarjeta de Crédito,2023-10-19
753,384,23886.94,11.74,12,Tarjeta de Crédito,2025-12-15
754,384,38454.66,23.41,24,Tarjeta de Crédito,2024-12-19
755,385,44325.42,15.84,6,Hipotecario,2026-02-27
756,385,95249.96,14.07,6,Hipotecario,2024-03-20
757,385,34031.39,16.15,60,Tarjeta de Crédito,2024-12-18
758,386,44057.96,8.39,60,Tarjeta de Crédito,2026-02-26
759,386,36194.23,8.41,6,Vehicular,2025-11-16
760,386,53849.3,22.15,60,Vehicular,2022-11-01
761,387,53787.4,17.84,6,Vehicular,2025-11-21
762,387,73464.78,21.06,60,Personal,2025-09-18
763,387,89160.54,20.34,24,Vehicular,2024-07-14
764,388,89511.99,18.51,60,Personal,2024-12-24
765,388,68112.26,21.13,36,Tarjeta de Crédito,2023-08-03
766,388,68476.88,16.92,6,Hipotecario,2024-06-19
767,389,76665.46,21.99,12,Tarjeta de Crédito,2023-02-04
768,389,83366.61,15.36,6,Hipotecario,2025-10-15
769,390,46468.15,22.12,6,Personal,2026-03-10
770,391,73274.47,20.22,36,Personal,2025-06-09
771,391,63761.07,8.13,24,Vehicular,2025-11-08
772,391,91780.75,22.06,6,Tarjeta de Crédito,2023-09-17
773,392,84273.21,12.0,6,Vehicular,2023-12-04
774,392,78508.72,8.54,36,Hipotecario,2026-05-18
775,393,45477.24,19.02,24,Vehicular,2022-10-18
776,393,21735.08,10.16,36,Personal,2024-07-27
777,393,51483.45,13.35,36,Personal,2023-10-11
778,394,36281.76,12.15,48,Vehicular,2024-02-21
779,394,94459.99,10.35,12,Tarjeta de Crédito,2026-04-29
780,394,39445.24,23.42,60,Vehicular,2026-02-17
781,395,78137.47,8.28,6,Personal,2023-01-11
782,395,1199.44,16.75,6,Tarjeta de Crédito,2024-07-11
783,395,92810.35,15.96,6,Personal,2026-05-04
784,396,44071.66,14.73,60,Tarjeta de Crédito,2023-02-27
785,396,55118.23,14.75,24,Tarjeta de Crédito,2025-12-15
786,397,77041.6,16.58,36,Personal,2026-02-10
787,397,98455.63,11.06,12,Personal,2023-09-01
788,397,62719.1,21.44,24,Hipotecario,2023-07-21
789,398,78949.6,14.28,60,Personal,2026-02-08
790,398,54379.92,12.26,48,Personal,2025-10-17
791,398,28312.99,12.6,48,Hipotecario,2025-02-27
792,399,36132.64,16.39,60,Vehicular,2025-08-03
793,399,28594.34,22.34,48,Vehicular,2024-02-24
794,399,95348.55,18.66,60,Hipotecario,2026-04-27
795,400,36343.76,14.23,24,Hipotecario,2025-09-06
796,400,68242.56,17.8,24,Hipotecario,2025-04-03
797,401,50062.82,23.32,48,Hipotecario,2025-05-07
798,402,90465.95,8.92,60,Personal,2024-06-24
799,403,66307.41,19.13,12,Vehicular,2023-05-13
800,403,49292.11,23.01,6,Vehicular,2025-04-12
801,404,89868.52,11.83,48,Personal,2023-04-02
802,404,54556.06,12.06,12,Personal,2025-12-30
803,404,13806.68,23.56,36,Vehicular,2023-07-15
804,405,33497.46,17.18,60,Vehicular,2026-02-12
805,405,80701.74,11.64,48,Hipotecario,2023-07-16
806,406,78670.01,9.39,12,Personal,2026-01-31
807,406,98378.98,23.5,60,Vehicular,2022-11-29
808,407,47844.8,9.92,36,Personal,2025-01-30
809,407,29506.05,11.41,6,Hipotecario,2024-02-24
810,408,44371.14,20.02,48,Tarjeta de Crédito,2024-12-02
811,408,15500.93,14.63,60,Vehicular,2023-11-08
812,408,27889.26,12.4,48,Vehicular,2025-03-13
813,409,1481.57,18.16,24,Hipotecario,2024-12-12
814,410,46283.59,22.28,60,Personal,2023-05-17
815,410,14234.94,10.92,48,Tarjeta de Crédito,2024-01-13
816,410,42121.1,16.04,24,Personal,2025-08-26
817,411,6096.55,16.17,36,Hipotecario,2023-11-26
818,411,74330.06,21.48,6,Tarjeta de Crédito,2023-11-21
819,411,21895.7,14.54,36,Personal,2025-02-03
820,412,53125.41,19.39,48,Vehicular,2023-10-18
821,412,60594.35,20.01,24,Hipotecario,2026-04-22
822,413,21846.24,23.87,48,Hipotecario,2024-11-05
823,413,56232.74,8.31,24,Hipotecario,2026-06-27
824,414,46805.95,14.38,12,Tarjeta de Crédito,2025-07-19
825,415,26447.89,20.57,36,Tarjeta de Crédito,2026-02-15
826,415,89090.41,8.04,6,Vehicular,2023-01-23
827,415,21671.65,8.29,36,Tarjeta de Crédito,2023-03-27
828,416,58416.7,15.84,60,Tarjeta de Crédito,2025-11-06
829,416,72190.06,14.54,48,Tarjeta de Crédito,2025-12-31
830,417,37369.37,18.02,60,Tarjeta de Crédito,2024-05-29
831,417,85469.11,16.77,48,Hipotecario,2026-07-26
832,417,85692.4,9.13,12,Hipotecario,2022-11-29
833,418,79754.47,14.61,36,Tarjeta de Crédito,2023-11-02
834,418,62867.11,9.77,24,Vehicular,2026-05-06
835,418,77235.43,10.71,60,Hipotecario,2025-06-12
836,419,1365.55,19.65,48,Vehicular,2023-03-14
837,419,51302.13,20.45,24,Vehicular,2025-08-22
838,419,66399.88,21.8,48,Vehicular,2026-05-05
839,420,40308.33,11.35,36,Hipotecario,2023-03-23
840,420,85255.13,15.88,6,Vehicular,2023-09-20
841,420,55486.1,12.13,48,Personal,2023-04-13
842,421,91420.79,12.94,48,Vehicular,2025-09-07
843,421,31116.91,17.2,12,Personal,2024-01-11
844,421,3558.75,9.91,48,Tarjeta de Crédito,2026-03-08
845,422,54332.79,21.82,24,Hipotecario,2023-09-17
846,422,26448.44,14.19,60,Hipotecario,2025-11-23
847,422,56374.36,12.81,48,Tarjeta de Crédito,2026-03-31
848,423,2127.4,18.73,48,Personal,2025-07-14
849,423,87088.84,19.17,60,Vehicular,2024-04-30
850,423,25453.38,23.46,36,Vehicular,2024-09-27
851,424,87960.98,20.13,36,Hipotecario,2023-04-06
852,425,71173.76,22.62,12,Tarjeta de Crédito,2025-02-10
853,425,66274.11,19.6,24,Vehicular,2025-05-07
854,425,69829.71,13.2,6,Personal,2023-10-20
855,426,61799.42,23.14,48,Hipotecario,2025-04-30
856,426,16950.01,15.78,12,Hipotecario,2024-06-02
857,426,3770.54,18.04,6,Hipotecario,2024-04-02
858,427,16738.92,8.57,48,Vehicular,2024-07-31
859,428,26657.2,11.72,48,Vehicular,2022-12-24
860,428,28535.45,9.11,60,Tarjeta de Crédito,2025-05-09
861,428,99606.13,12.9,48,Tarjeta de Crédito,2026-01-14
862,429,60588.57,18.56,36,Tarjeta de Crédito,2026-05-27
863,429,2494.04,9.67,24,Tarjeta de Crédito,2025-12-05
864,429,34843.01,9.08,36,Hipotecario,2023-01-20
865,430,90359.86,10.94,6,Hipotecario,2024-05-15
866,430,38184.54,18.23,12,Hipotecario,2024-11-06
867,431,62219.93,12.48,12,Vehicular,2025-11-05
868,432,53552.54,13.22,48,Personal,2023-11-04
869,433,25369.47,14.89,24,Hipotecario,2025-08-12
870,434,70601.2,16.11,60,Personal,2026-08-22
871,434,97170.93,23.26,6,Tarjeta de Crédito,2026-05-22
872,434,96997.12,20.07,60,Personal,2024-03-24
873,435,23490.15,19.91,36,Hipotecario,2024-08-04
874,435,91257.89,21.05,48,Hipotecario,2024-09-25
875,436,54150.9,9.11,48,Personal,2024-01-19
876,437,94110.52,19.07,60,Personal,2025-02-18
877,437,28766.5,23.16,24,Hipotecario,2022-09-01
878,437,42739.12,14.95,6,Tarjeta de Crédito,2026-05-09
879,438,45807.95,19.12,36,Tarjeta de Crédito,2025-12-13
880,438,98771.5,23.51,24,Tarjeta de Crédito,2026-04-06
881,438,25527.37,12.98,48,Hipotecario,2025-10-10
882,439,88944.29,8.83,60,Tarjeta de Crédito,2023-01-20
883,439,34460.78,22.68,60,Tarjeta de Crédito,2025-10-07
884,440,95473.79,15.48,36,Vehicular,2024-08-10
885,440,74288.0,19.48,12,Hipotecario,2025-05-11
886,441,76347.25,20.52,36,Hipotecario,2025-06-25
887,441,39594.7,19.0,60,Tarjeta de Crédito,2025-08-16
888,441,81493.07,11.24,36,Personal,2024-03-07
889,442,27049.82,22.1,36,Vehicular,2026-04-10
890,442,56851.24,17.28,48,Vehicular,2022-12-05
891,443,25819.42,18.29,6,Personal,2026-01-16
892,443,37386.21,16.3,60,Vehicular,2024-12-06
893,444,54581.1,11.41,60,Vehicular,2024-05-07
894,444,99669.64,17.88,36,Vehicular,2023-08-02
895,444,49568.68,17.19,36,Tarjeta de Crédito,2024-06-26
896,445,57423.2,14.1,6,Hipotecario,2026-03-02
897,445,75693.2,20.11,6,Hipotecario,2023-07-24
898,446,50957.85,18.82,36,Vehicular,2024-10-05
899,446,81568.78,20.6,24,Vehicular,2023-10-20
900,447,22163.95,15.68,48,Personal,2024-01-12
901,447,21621.85,21.97,36,Hipotecario,2026-03-07
902,447,54216.08,10.83,6,Hipotecario,2023-11-12
903,448,56409.63,22.76,36,Personal,2024-02-04
904,449,54938.07,11.8,12,Tarjeta de Crédito,2024-12-26
905,449,95783.85,18.25,36,Personal,2025-02-11
906,450,66769.07,17.59,36,Personal,2023-03-19
907,451,22100.75,18.05,36,Personal,2025-01-24
908,452,54489.09,10.86,36,Tarjeta de Crédito,2026-04-14
909,453,33731.49,9.87,6,Hipotecario,2024-09-20
910,454,55527.27,11.9,48,Vehicular,2026-01-04
911,454,31067.81,9.74,24,Personal,2024-02-13
912,454,77406.63,12.79,48,Personal,2026-06-18
913,455,72203.5,12.95,6,Vehicular,2025-07-24
914,456,85033.87,23.49,24,Vehicular,2025-11-25
915,456,64886.24,22.7,48,Vehicular,2022-11-12
916,456,57987.43,8.11,36,Hipotecario,2022-11-08
917,457,76019.05,10.18,12,Vehicular,2023-01-30
918,457,20914.15,10.44,60,Vehicular,2025-04-27
919,457,79238.07,14.52,6,Vehicular,2025-12-28
920,458,5260.7,20.42,48,Tarjeta de Crédito,2026-03-20
921,458,37949.5,20.87,6,Personal,2024-08-11
922,458,23274.55,14.6,36,Vehicular,2022-09-23
923,459,3621.87,22.94,36,Hipotecario,2023-03-09
924,460,48620.48,17.85,60,Vehicular,2026-08-11
925,461,29645.66,21.92,36,Tarjeta de Crédito,2026-04-22
926,461,9606.76,21.9,6,Vehicular,2023-05-01
927,461,90471.81,9.6,36,Personal,2024-07-14
928,462,15280.6,14.73,24,Tarjeta de Crédito,2024-08-07
929,462,26766.11,17.83,24,Hipotecario,2022-08-30
930,463,93669.37,10.16,36,Hipotecario,2024-06-23
931,463,2124.02,20.24,6,Hipotecario,2023-07-09
932,463,46650.48,11.12,48,Hipotecario,2025-08-02
933,464,44081.72,20.86,12,Vehicular,2026-07-11
934,464,23730.6,9.4,48,Hipotecario,2023-03-21
935,465,78275.18,16.04,48,Hipotecario,2026-05-30
936,465,66468.31,21.31,36,Vehicular,2025-06-03
937,466,22585.95,15.44,48,Vehicular,2023-12-10
938,466,53349.95,8.66,60,Vehicular,2023-05-02
939,466,23198.18,8.42,24,Vehicular,2026-05-18
940,467,19240.79,17.62,12,Tarjeta de Crédito,2026-08-16
941,467,53932.6,8.06,12,Vehicular,2026-05-21
942,468,51190.91,16.58,6,Tarjeta de Crédito,2023-10-28
943,468,26260.86,14.25,24,Hipotecario,2023-01-20
944,468,15224.77,20.53,48,Hipotecario,2025-06-10
945,469,27910.04,15.61,6,Personal,2024-03-10
946,470,35492.52,23.99,6,Tarjeta de Crédito,2023-09-21
947,470,10063.23,19.98,6,Hipotecario,2023-01-04
948,470,79017.34,14.81,12,Vehicular,2024-03-28
949,471,90511.66,18.27,24,Vehicular,2025-06-26
950,472,52271.87,11.39,24,Vehicular,2026-07-03
951,473,79430.95,18.2,48,Hipotecario,2025-06-02
952,474,68826.58,10.01,6,Personal,2023-05-13
953,474,5021.36,18.56,60,Personal,2022-11-17
954,475,82481.22,23.83,12,Hipotecario,2024-05-05
955,476,96336.27,21.17,60,Hipotecario,2025-04-26
956,477,96470.92,22.07,24,Tarjeta de Crédito,2023-12-16
957,478,35142.3,12.19,6,Hipotecario,2025-09-29
958,478,32046.16,9.88,12,Tarjeta de Crédito,2025-08-19
959,478,99739.76,21.07,12,Vehicular,2025-11-14
960,479,64951.75,22.12,6,Vehicular,2023-08-27
961,479,14111.88,23.22,24,Personal,2024-06-25
962,480,47002.14,11.3,36,Hipotecario,2025-06-12
963,480,26612.18,15.57,12,Vehicular,2023-01-17
964,480,48393.51,12.08,48,Personal,2025-08-26
965,481,46084.7,12.29,36,Personal,2023-01-23
966,481,47709.16,8.27,48,Hipotecario,2022-08-30
967,482,80486.06,8.69,6,Personal,2023-07-26
968,482,82970.44,11.46,36,Hipotecario,2024-09-07
969,483,49766.53,21.94,60,Vehicular,2022-12-28
970,484,98021.51,15.26,48,Tarjeta de Crédito,2023-03-23
971,484,74511.94,18.36,60,Vehicular,2025-03-08
972,484,48185.55,12.45,6,Hipotecario,2023-08-15
973,485,96686.85,20.15,60,Hipotecario,2024-11-12
974,485,97065.14,12.74,6,Hipotecario,2025-07-20
975,486,53818.7,23.78,12,Tarjeta de Crédito,2024-07-20
976,486,52820.15,20.21,48,Hipotecario,2022-09-12
977,487,59016.29,9.93,36,Tarjeta de Crédito,2022-09-10
978,488,42745.06,9.79,60,Hipotecario,2025-08-13
979,489,18781.47,15.83,12,Tarjeta de Crédito,2024-02-13
980,489,99381.47,19.16,24,Vehicular,2026-02-18
981,490,75646.72,15.91,6,Vehicular,2023-03-04
982,490,33630.46,19.31,24,Personal,2026-04-26
983,490,73339.18,19.27,60,Tarjeta de Crédito,2024-06-15
984,491,5557.19,13.46,24,Personal,2025-08-11
985,491,1017.51,21.98,24,Hipotecario,2023-03-22
986,492,71835.33,18.31,12,Hipotecario,2024-09-09
987,492,50249.45,16.53,36,Tarjeta de Crédito,2022-12-17
988,493,19797.13,23.18,36,Vehicular,2023-08-19
989,494,60897.44,21.95,60,Vehicular,2024-04-15
990,495,13852.82,10.37,24,Vehicular,2023-01-14
991,496,57074.49,21.77,24,Hipotecario,2025-10-07
992,497,16305.08,22.48,12,Hipotecario,2026-02-01
993,498,51780.5,24.0,36,Vehicular,2023-02-04
994,498,82357.99,21.93,24,Vehicular,2023-02-05
995,499,88058.07,17.78,60,Hipotecario,2023-12-28
996,499,57445.88,17.46,36,Hipotecario,2024-03-21
997,499,94133.75,12.37,48,Personal,2026-05-28
998,500,57533.98,23.58,36,Hipotecario,2023-12-06
